"sampleid","method","Fragment Size Median","Fragment Size First Quartile","Fragment Size Third Quartile"
1,"Method 1",113,84,149
2,"Method 1",95,71,130
3,"Method 1",119,89,156
4,"Method 1",117,88,150
5,"Method 1",98,74,129
6,"Method 1",133,98,173
7,"Method 1",133,98,173
8,"Method 1",90,68,124
9,"Method 1",106,81,138
10,"Method 1",112,81,152
11,"Method 1",110,81,148
12,"Method 1",104,77,142
13,"Method 1",98,76,127
14,"Method 1",101,79,133
15,"Method 1",100,75,133
16,"Method 1",111,83,149
17,"Method 1",109,78,151
18,"Method 1",133,99,174
19,"Method 1",111,81,149
20,"Method 1",111,79,153
21,"Method 1",110,78,153
22,"Method 1",97,70,133
23,"Method 1",122,90,161
24,"Method 1",139,94,198
25,"Method 1",124,92,164
26,"Method 1",101,73,138
27,"Method 1",110,79,150
28,"Method 1",111,81,151
29,"Method 1",117,83,161
30,"Method 1",119,89,156
31,"Method 1",111,81,149
32,"Method 1",109,83,146
33,"Method 1",91,72,114
34,"Method 1",108,83,137
35,"Method 1",113,84,150
36,"Method 1",125,94,163
37,"Method 1",95,71,127
38,"Method 1",121,88,163
39,"Method 1",105,80,133
40,"Method 1",124,93,161
41,"Method 1",116,87,155
42,"Method 1",95,71,127
43,"Method 1",121,88,163
44,"Method 1",105,80,133
45,"Method 1",124,93,161
46,"Method 1",116,87,155
47,"Method 1",115,87,153
48,"Method 1",125,94,164
49,"Method 1",113,88,144
50,"Method 1",114,83,154
51,"Method 1",100,75,135
52,"Method 1",125,88,174
53,"Method 1",122,85,170
54,"Method 1",114,85,150
55,"Method 1",98,74,129
56,"Method 1",109,80,144
57,"Method 1",112,83,150
58,"Method 1",117,89,153
59,"Method 1",113,84,148
60,"Method 1",113,84,149
61,"Method 1",117,88,155
62,"Method 1",128,94,170
63,"Method 1",110,83,144
64,"Method 1",106,79,140
65,"Method 1",131,98,173
66,"Method 1",89,68,118
67,"Method 1",116,86,155
68,"Method 1",133,99,174
69,"Method 1",117,88,150
70,"Method 1",105,79,138
71,"Method 1",109,80,147
72,"Method 1",103,78,136
73,"Method 1",104,78,138
74,"Method 1",104,77,143
75,"Method 1",89,68,118
76,"Method 1",116,86,155
77,"Method 1",94,71,129
78,"Method 1",99,77,128
79,"Method 1",127,98,163
80,"Method 1",100,75,135
81,"Method 1",116,88,152
82,"Method 1",116,86,155
83,"Method 1",117,88,150
84,"Method 1",133,99,174
85,"Method 1",108,82,135
86,"Method 1",99,79,120
87,"Method 1",127,94,166
88,"Method 1",121,90,159
89,"Method 1",111,80,151
90,"Method 1",126,92,169
91,"Method 1",98,77,127
92,"Method 1",111,80,151
93,"Method 1",68,56,84
94,"Method 1",87,69,114
95,"Method 1",107,82,141
96,"Method 1",123,92,163
97,"Method 1",99,77,128
98,"Method 1",121,90,159
99,"Method 1",127,98,163
100,"Method 1",127,91,173
101,"Method 1",119,90,153
102,"Method 1",126,93,169
103,"Method 1",107,80,143
104,"Method 1",132,98,176
105,"Method 1",110,82,146
106,"Method 1",114,85,151
107,"Method 1",131,96,174
108,"Method 1",111,83,147
109,"Method 1",114,88,145
110,"Method 1",118,90,150
111,"Method 1",107,79,144
112,"Method 1",110,82,146
113,"Method 1",119,89,158
114,"Method 1",122,92,158
115,"Method 1",81,63,109
116,"Method 1",118,89,153
117,"Method 1",117,88,154
118,"Method 1",127,90,168
119,"Method 1",100,75,135
120,"Method 1",93,73,120
121,"Method 1",124,94,160
122,"Method 1",120,89,160
123,"Method 1",114,86,149
124,"Method 1",121,91,157
125,"Method 1",129,98,167
126,"Method 1",121,91,158
127,"Method 1",124,94,162
128,"Method 1",114,89,146
129,"Method 1",119,89,157
130,"Method 1",93,75,120
131,"Method 1",89,70,115
132,"Method 1",108,80,146
133,"Method 1",109,80,146
134,"Method 1",126,93,168
135,"Method 1",115,84,156
136,"Method 1",149,106,207
137,"Method 1",114,84,152
138,"Method 1",123,90,164
139,"Method 1",111,83,147
140,"Method 1",116,84,158
141,"Method 1",117,87,156
142,"Method 1",124,91,163
143,"Method 1",115,87,151
144,"Method 1",108,79,146
145,"Method 1",101,75,134
146,"Method 1",121,89,162
147,"Method 1",81,63,109
148,"Method 1",127,91,175
149,"Method 1",82,63,111
150,"Method 1",112,82,151
151,"Method 1",119,88,160
152,"Method 1",122,90,162
153,"Method 1",127,93,170
154,"Method 1",112,82,148
155,"Method 1",112,83,150
156,"Method 1",117,87,155
157,"Method 1",112,81,153
158,"Method 1",106,79,141
159,"Method 1",119,88,157
160,"Method 1",90,67,121
161,"Method 1",92,69,121
162,"Method 1",91,72,114
163,"Method 1",108,83,137
164,"Method 1",117,83,161
165,"Method 1",128,94,170
166,"Method 1",106,79,140
167,"Method 1",111,80,151
168,"Method 1",127,91,173
169,"Method 1",68,56,84
170,"Method 1",119,90,153
171,"Method 1",111,83,147
172,"Method 1",122,92,158
173,"Method 1",118,89,153
174,"Method 1",80,65,107
175,"Method 1",111,84,145
176,"Method 1",118,87,157
177,"Method 1",122,91,162
178,"Method 1",120,88,162
179,"Method 1",120,88,162
180,"Method 1",119,88,159
181,"Method 1",115,85,155
182,"Method 1",92,69,124
183,"Method 1",114,85,150
184,"Method 1",111,81,151
185,"Method 1",121,91,158
186,"Method 1",118,87,157
187,"Method 1",115,86,152
188,"Method 1",79,61,110
189,"Method 1",112,84,149
190,"Method 1",79,64,105
191,"Method 1",109,80,146
192,"Method 1",107,79,140
193,"Method 1",131,98,173
194,"Method 1",108,80,145
195,"Method 1",113,85,149
196,"Method 1",94,71,123
197,"Method 1",144,104,191
198,"Method 1",140,103,186
199,"Method 1",131,96,174
200,"Method 1",108,80,142
201,"Method 1",87,69,113
202,"Method 1",116,84,156
203,"Method 1",115,86,152
204,"Method 1",109,80,146
205,"Method 1",108,80,145
206,"Method 1",113,85,149
207,"Method 1",108,80,145
208,"Method 1",140,103,186
209,"Method 1",115,86,152
210,"Method 1",148,107,203
211,"Method 1",98,75,132
212,"Method 1",103,77,139
213,"Method 1",104,77,142
214,"Method 1",122,87,167
215,"Method 1",115,83,155
216,"Method 1",124,90,168
217,"Method 1",100,73,136
218,"Method 1",112,81,153
219,"Method 1",97,72,130
220,"Method 1",122,89,167
221,"Method 1",124,90,165
222,"Method 1",131,96,173
223,"Method 1",113,82,154
224,"Method 1",115,84,153
225,"Method 1",121,90,160
226,"Method 1",136,101,179
227,"Method 1",134,98,179
228,"Method 1",113,83,151
229,"Method 1",107,81,139
230,"Method 1",121,91,158
231,"Method 1",110,81,147
232,"Method 1",158,114,214
233,"Method 1",110,81,147
234,"Method 1",93,71,123
235,"Method 1",121,89,163
236,"Method 1",114,85,151
237,"Method 1",113,84,150
238,"Method 1",124,91,165
239,"Method 1",93,72,122
240,"Method 1",107,80,139
241,"Method 1",113,85,148
242,"Method 1",120,89,159
243,"Method 1",114,86,149
244,"Method 1",107,81,138
245,"Method 1",121,90,160
246,"Method 1",98,76,125
247,"Method 1",130,92,181
248,"Method 1",115,85,155
249,"Method 1",109,82,141
250,"Method 1",104,74,145
251,"Method 1",106,75,148
252,"Method 1",111,82,147
253,"Method 1",120,85,166
254,"Method 1",134,95,183
255,"Method 1",114,83,156
256,"Method 1",98,76,127
257,"Method 1",128,97,166
258,"Method 1",113,83,152
259,"Method 1",113,84,150
260,"Method 1",145,107,195
261,"Method 1",111,83,147
262,"Method 1",97,74,126
263,"Method 1",113,82,152
264,"Method 1",119,89,157
265,"Method 1",113,85,149
266,"Method 1",108,80,144
267,"Method 1",122,89,165
268,"Method 1",107,79,142
269,"Method 1",109,81,144
270,"Method 1",122,90,163
271,"Method 1",98,74,130
272,"Method 1",93,71,124
273,"Method 1",105,78,141
274,"Method 1",107,78,144
275,"Method 1",107,80,141
276,"Method 1",111,83,146
277,"Method 1",108,75,153
278,"Method 1",136,102,178
279,"Method 1",104,78,138
280,"Method 1",103,78,135
281,"Method 1",122,90,164
282,"Method 1",118,87,159
283,"Method 1",130,90,184
284,"Method 1",142,102,193
285,"Method 1",126,94,166
286,"Method 1",116,89,151
287,"Method 1",116,89,150
288,"Method 1",113,85,148
289,"Method 1",120,89,157
290,"Method 1",80,66,104
291,"Method 1",115,85,151
292,"Method 1",123,91,166
293,"Method 1",125,91,169
294,"Method 1",119,90,157
295,"Method 1",122,89,168
296,"Method 1",132,97,176
297,"Method 1",106,77,147
298,"Method 1",109,80,148
299,"Method 1",100,75,133
300,"Method 1",123,90,166
301,"Method 1",83,66,113
302,"Method 1",115,86,155
303,"Method 1",122,87,170
304,"Method 1",128,94,171
305,"Method 1",122,90,161
306,"Method 1",130,94,175
307,"Method 1",126,94,168
308,"Method 1",126,92,170
309,"Method 1",124,90,167
310,"Method 1",92,71,128
311,"Method 1",135,94,191
312,"Method 1",103,75,143
313,"Method 1",128,95,168
314,"Method 1",126,94,167
315,"Method 1",114,85,150
316,"Method 1",122,90,161
317,"Method 1",93,71,123
318,"Method 1",109,82,141
319,"Method 1",112,82,148
320,"Method 1",123,93,161
321,"Method 1",119,88,160
322,"Method 1",132,92,183
323,"Method 1",98,74,130
324,"Method 1",159,116,216
325,"Method 1",126,94,165
326,"Method 1",129,98,167
327,"Method 1",115,83,154
328,"Method 1",128,92,176
329,"Method 1",117,84,160
330,"Method 1",122,89,165
331,"Method 1",125,92,169
332,"Method 1",108,81,143
333,"Method 1",103,78,136
334,"Method 1",110,81,144
335,"Method 1",100,74,139
336,"Method 1",110,80,151
337,"Method 1",105,79,139
338,"Method 1",120,89,163
339,"Method 1",128,94,172
340,"Method 1",113,84,151
341,"Method 1",134,96,183
342,"Method 1",138,103,180
343,"Method 1",111,83,146
344,"Method 1",108,81,142
345,"Method 1",114,85,151
346,"Method 1",141,101,194
347,"Method 1",139,100,189
348,"Method 1",112,83,150
349,"Method 1",122,86,170
350,"Method 1",148,107,200
351,"Method 1",134,96,184
352,"Method 1",110,82,145
353,"Method 1",123,91,162
354,"Method 1",103,79,135
355,"Method 1",112,81,152
356,"Method 1",129,98,168
357,"Method 1",99,77,131
358,"Method 1",120,88,161
359,"Method 1",109,81,145
360,"Method 1",126,93,166
361,"Method 1",121,89,162
362,"Method 1",70,51,123
363,"Method 1",106,78,142
364,"Method 1",111,80,152
365,"Method 1",133,95,185
366,"Method 1",111,83,149
367,"Method 1",135,94,192
368,"Method 1",107,78,150
369,"Method 1",125,88,178
370,"Method 1",142,100,200
371,"Method 1",93,68,138
372,"Method 1",103,69,149
373,"Method 1",116,81,161
374,"Method 1",120,85,167
375,"Method 1",133,94,190
376,"Method 1",151,106,214
377,"Method 1",131,91,186
378,"Method 1",138,98,197
379,"Method 1",107,80,139
380,"Method 1",117,88,150
381,"Method 1",130,90,184
382,"Method 1",93,71,123
383,"Method 1",109,76,153
384,"Method 1",108,78,148
385,"Method 1",110,79,150
386,"Method 1",97,72,130
387,"Method 1",107,80,142
388,"Method 1",113,85,148
389,"Method 1",123,90,164
390,"Method 1",123,91,162
391,"Method 1",83,66,113
392,"Method 1",103,77,141
393,"Method 1",109,78,151
394,"Method 1",117,87,156
395,"Method 1",113,84,150
396,"Method 1",111,83,149
397,"Method 1",119,87,163
398,"Method 1",124,90,171
399,"Method 1",111,83,149
400,"Method 1",115,87,151
401,"Method 1",118,87,160
402,"Method 1",115,84,155
403,"Method 1",133,93,188
404,"Method 1",108,79,146
405,"Method 1",130,91,180
406,"Method 1",127,89,176
407,"Method 1",119,83,167
408,"Method 1",113,79,156
409,"Method 1",120,86,165
410,"Method 1",114,81,156
411,"Method 1",123,84,175
412,"Method 1",114,78,163
413,"Method 1",92,69,138
414,"Method 1",98,76,124
415,"Method 1",116,84,157
416,"Method 1",102,78,136
417,"Method 1",136,102,178
418,"Method 1",91,72,118
419,"Method 1",112,85,145
420,"Method 1",102,78,136
421,"Method 1",68,56,80
422,"Method 1",108,80,142
423,"Method 1",114,84,156
424,"Method 1",134,98,179
425,"Method 1",113,82,153
426,"Method 1",115,82,157
427,"Method 1",107,79,145
428,"Method 1",92,73,119
429,"Method 1",118,85,164
430,"Method 1",141,103,190
431,"Method 1",122,89,167
432,"Method 1",128,92,174
433,"Method 1",130,97,172
434,"Method 1",98,74,130
435,"Method 1",113,79,159
436,"Method 1",82,61,118
437,"Method 1",103,74,141
438,"Method 1",128,90,178
439,"Method 1",121,88,164
440,"Method 1",111,86,147
441,"Method 1",113,81,154
442,"Method 1",124,89,171
443,"Method 1",127,90,175
444,"Method 1",133,96,182
445,"Method 1",111,86,144
446,"Method 1",121,89,166
447,"Method 1",113,82,152
448,"Method 1",94,69,132
449,"Method 1",136,99,183
450,"Method 1",133,96,180
451,"Method 1",113,82,153
452,"Method 1",109,80,147
453,"Method 1",142,103,192
454,"Method 1",120,85,166
455,"Method 1",105,79,139
456,"Method 1",123,88,169
457,"Method 1",135,93,188
458,"Method 1",119,87,161
459,"Method 1",114,82,157
460,"Method 1",111,80,151
461,"Method 1",117,83,164
462,"Method 1",115,86,155
463,"Method 1",149,111,196
464,"Method 1",118,88,158
465,"Method 1",99,76,131
466,"Method 1",113,80,158
467,"Method 1",111,83,151
468,"Method 1",119,85,164
469,"Method 1",104,76,142
470,"Method 1",104,78,141
471,"Method 1",126,94,165
472,"Method 1",104,78,141
473,"Method 1",89,67,124
474,"Method 1",68,55,87
475,"Method 1",113,80,159
476,"Method 1",111,81,149
477,"Method 1",109,79,148
478,"Method 1",93,71,125
479,"Method 1",122,89,163
480,"Method 1",87,66,123
481,"Method 1",97,72,130
482,"Method 1",125,87,176
483,"Method 1",108,78,153
484,"Method 1",139,99,189
485,"Method 1",121,88,163
486,"Method 1",124,90,169
487,"Method 1",76,59,107
488,"Method 1",132,95,179
489,"Method 1",132,99,175
490,"Method 1",104,78,139
491,"Method 1",123,91,163
492,"Method 1",120,88,163
493,"Method 1",125,90,170
494,"Method 1",126,93,167
495,"Method 1",116,85,156
496,"Method 1",106,77,146
497,"Method 1",108,79,145
498,"Method 1",137,99,186
499,"Method 1",113,85,150
500,"Method 1",139,103,183
501,"Method 1",112,83,150
502,"Method 1",108,78,147
503,"Method 1",119,89,156
504,"Method 1",128,95,167
505,"Method 1",121,90,162
506,"Method 1",113,79,158
507,"Method 1",117,84,159
508,"Method 1",107,79,144
509,"Method 1",109,80,146
510,"Method 1",94,69,129
511,"Method 1",100,71,143
512,"Method 1",115,81,159
513,"Method 1",109,77,153
514,"Method 1",132,92,185
515,"Method 1",122,82,175
516,"Method 1",74,63,92
517,"Method 1",107,77,152
518,"Method 1",108,81,142
519,"Method 1",116,89,150
520,"Method 1",126,91,172
521,"Method 1",111,79,156
522,"Method 1",125,90,172
523,"Method 1",131,94,179
524,"Method 1",138,95,192
525,"Method 1",127,90,175
526,"Method 1",114,87,147
527,"Method 1",101,76,137
528,"Method 1",80,66,117
529,"Method 1",130,93,178
530,"Method 1",101,77,134
531,"Method 1",96,69,143
532,"Method 1",60,49,73
533,"Method 1",91,71,121
534,"Method 1",80,66,117
535,"Method 1",134,96,184
536,"Method 1",111,83,146
537,"Method 1",93,68,138
538,"Method 1",122,90,163
539,"Method 1",121,86,169
540,"Method 1",120,87,165
541,"Method 1",117,86,158
542,"Method 1",107,80,139
543,"Method 1",124,90,169
544,"Method 1",99,73,137
545,"Method 1",133,99,175
546,"Method 1",107,79,142
547,"Method 1",91,71,121
548,"Method 1",101,76,137
549,"Method 1",115,82,160
550,"Method 1",92,69,138
551,"Method 1",111,86,144
552,"Method 1",120,85,166
553,"Method 1",107,79,141
554,"Method 1",121,90,161
555,"Method 1",122,93,160
556,"Method 1",131,97,172
557,"Method 1",100,73,148
558,"Method 1",106,80,140
559,"Method 1",124,93,164
560,"Method 1",115,86,154
561,"Method 1",101,77,138
562,"Method 1",109,79,149
563,"Method 1",105,80,140
564,"Method 1",137,98,187
565,"Method 1",102,76,141
566,"Method 1",122,86,170
567,"Method 1",77,64,91
568,"Method 1",113,86,152
569,"Method 1",116,85,159
570,"Method 1",127,90,175
571,"Method 1",82,67,105
572,"Method 1",122,89,169
573,"Method 1",128,94,175
574,"Method 1",118,87,158
575,"Method 1",128,96,169
576,"Method 1",142,98,200
577,"Method 1",135,100,181
578,"Method 1",141,99,194
579,"Method 1",92,74,122
580,"Method 1",135,99,183
581,"Method 1",121,89,164
582,"Method 1",112,81,158
583,"Method 1",120,89,164
584,"Method 1",123,87,170
585,"Method 1",142,105,192
586,"Method 1",132,92,185
587,"Method 1",124,89,174
588,"Method 1",107,80,145
589,"Method 1",101,73,140
590,"Method 1",127,89,180
591,"Method 1",118,90,157
592,"Method 1",120,90,160
593,"Method 1",120,87,166
594,"Method 1",121,87,168
595,"Method 1",142,104,189
596,"Method 1",129,97,170
597,"Method 1",128,92,176
598,"Method 1",119,81,167
599,"Method 1",134,97,183
600,"Method 1",118,87,159
601,"Method 1",111,81,155
602,"Method 1",128,92,175
603,"Method 1",159,108,234
604,"Method 1",121,85,171
605,"Method 1",123,86,176
606,"Method 1",125,88,177
607,"Method 1",122,87,170
608,"Method 1",108,80,145
609,"Method 1",92,71,129
610,"Method 1",119,86,159
611,"Method 1",103,74,143
612,"Method 1",112,80,152
613,"Method 1",110,79,149
614,"Method 1",121,88,164
615,"Method 1",114,80,158
616,"Method 1",110,79,153
617,"Method 1",129,96,171
618,"Method 1",129,92,175
619,"Method 1",117,84,161
620,"Method 1",121,87,166
621,"Method 1",113,81,158
622,"Method 1",122,89,165
623,"Method 1",107,79,142
624,"Method 1",117,81,164
625,"Method 1",135,95,191
626,"Method 1",137,92,195
627,"Method 1",125,89,172
628,"Method 1",142,99,199
629,"Method 1",119,81,170
630,"Method 1",111,80,152
631,"Method 1",111,77,159
632,"Method 1",118,87,159
633,"Method 1",126,90,174
634,"Method 1",139,98,191
635,"Method 1",164,118,224
636,"Method 1",143,104,194
637,"Method 1",131,91,183
638,"Method 1",132,92,184
639,"Method 1",114,81,157
640,"Method 1",125,91,169
641,"Method 1",143,100,195
642,"Method 1",115,82,160
643,"Method 1",140,102,188
644,"Method 1",128,91,175
645,"Method 1",113,80,158
646,"Method 1",143,106,190
647,"Method 1",125,91,166
648,"Method 1",146,106,196
649,"Method 1",124,92,164
650,"Method 1",159,108,234
651,"Method 1",120,89,157
652,"Method 1",125,89,174
653,"Method 1",89,68,120
654,"Method 1",114,85,153
655,"Method 1",129,90,180
656,"Method 1",115,85,151
657,"Method 1",121,90,161
658,"Method 1",133,98,179
659,"Method 1",113,84,152
660,"Method 1",129,93,175
661,"Method 1",148,106,206
662,"Method 1",133,95,184
663,"Method 1",135,94,189
664,"Method 1",118,83,164
665,"Method 1",119,87,161
666,"Method 1",125,88,180
667,"Method 1",109,79,147
668,"Method 1",122,86,170
669,"Method 1",139,99,192
670,"Method 1",140,101,188
671,"Method 1",125,91,168
672,"Method 1",122,88,168
673,"Method 1",142,103,193
674,"Method 1",126,91,171
675,"Method 1",113,81,155
676,"Method 1",126,91,171
677,"Method 1",142,103,192
678,"Method 1",135,99,176
679,"Method 1",117,88,153
680,"Method 1",153,108,210
681,"Method 1",136,99,184
682,"Method 1",108,80,142
683,"Method 1",111,84,145
684,"Method 1",110,79,153
685,"Method 1",136,95,188
686,"Method 1",124,90,168
687,"Method 1",114,80,158
688,"Method 1",124,89,171
689,"Method 1",103,71,148
690,"Method 1",119,87,162
691,"Method 1",120,88,164
692,"Method 1",114,85,152
693,"Method 1",122,79,176
694,"Method 1",138,97,193
695,"Method 1",108,80,145
696,"Method 1",94,70,132
697,"Method 1",101,77,134
698,"Method 1",110,78,158
699,"Method 1",115,80,162
700,"Method 1",109,78,153
701,"Method 1",121,88,167
702,"Method 1",124,90,168
703,"Method 1",121,89,164
704,"Method 1",107,79,145
705,"Method 1",138,99,190
706,"Method 1",153,110,207
707,"Method 1",139,100,191
708,"Method 1",114,80,158
709,"Method 1",119,89,157
710,"Method 1",132,96,182
711,"Method 1",89,67,124
712,"Method 1",124,91,168
713,"Method 1",126,91,173
714,"Method 1",130,97,170
715,"Method 1",164,118,225
716,"Method 1",145,107,195
717,"Method 1",108,80,145
718,"Method 1",118,88,157
719,"Method 1",120,88,162
720,"Method 1",123,89,169
721,"Method 1",131,94,179
722,"Method 1",95,72,131
723,"Method 1",116,80,165
724,"Method 1",141,102,193
725,"Method 1",115,87,153
726,"Method 1",118,88,157
727,"Method 1",134,97,187
728,"Method 1",122,89,167
729,"Method 1",119,86,163
730,"Method 1",148,105,204
731,"Method 1",122,86,173
732,"Method 1",132,95,181
733,"Method 1",131,95,177
734,"Method 1",89,70,118
735,"Method 1",125,89,175
736,"Method 1",136,96,187
737,"Method 1",130,93,178
738,"Method 1",151,110,207
739,"Method 1",132,99,172
740,"Method 1",111,80,151
741,"Method 1",139,98,192
742,"Method 1",109,79,150
743,"Method 1",132,93,183
744,"Method 1",132,96,179
745,"Method 1",119,85,162
746,"Method 1",128,95,170
747,"Method 1",82,68,102
748,"Method 1",112,80,157
749,"Method 1",144,103,194
750,"Method 1",119,90,157
751,"Method 1",109,79,154
752,"Method 1",134,95,183
753,"Method 1",93,70,131
754,"Method 1",152,111,203
755,"Method 1",124,91,166
756,"Method 1",152,105,226
757,"Method 1",126,90,176
758,"Method 1",125,90,173
759,"Method 1",140,101,188
760,"Method 1",117,83,166
761,"Method 1",101,73,142
762,"Method 1",105,75,146
763,"Method 1",135,96,186
764,"Method 1",126,89,174
765,"Method 1",121,88,166
766,"Method 1",135,98,182
767,"Method 1",142,103,192
768,"Method 1",116,81,157
769,"Method 1",126,90,171
770,"Method 1",130,92,180
771,"Method 1",153,109,210
772,"Method 1",120,85,167
773,"Method 1",157,111,215
774,"Method 1",144,103,198
775,"Method 1",116,86,154
776,"Method 1",134,96,179
777,"Method 1",121,87,166
778,"Method 1",110,81,148
779,"Method 1",127,90,171
780,"Method 1",132,97,174
781,"Method 1",113,86,152
782,"Method 1",117,83,162
783,"Method 1",110,80,149
784,"Method 1",117,82,164
785,"Method 1",139,99,192
786,"Method 1",123,88,169
787,"Method 1",118,86,161
788,"Method 1",115,83,156
789,"Method 1",143,104,192
790,"Method 1",90,69,119
791,"Method 1",119,89,157
792,"Method 1",126,90,172
793,"Method 1",104,77,143
794,"Method 1",145,105,196
795,"Method 1",98,74,130
796,"Method 1",119,88,159
797,"Method 1",122,87,170
798,"Method 1",133,96,183
799,"Method 1",93,68,138
800,"Method 1",118,86,160
801,"Method 1",126,91,174
802,"Method 1",127,90,177
803,"Method 1",135,97,185
804,"Method 1",135,98,184
805,"Method 1",158,112,221
806,"Method 1",123,89,169
807,"Method 1",109,80,148
808,"Method 1",129,92,179
809,"Method 1",124,90,167
810,"Method 1",118,86,163
811,"Method 1",108,79,145
812,"Method 1",146,106,195
813,"Method 1",122,88,169
814,"Method 1",133,97,179
815,"Method 1",110,79,149
816,"Method 1",140,100,192
817,"Method 1",119,88,161
818,"Method 1",115,84,159
819,"Method 1",126,92,170
820,"Method 1",142,104,193
821,"Method 1",134,98,183
822,"Method 1",144,106,193
823,"Method 1",69,59,82
824,"Method 1",143,104,196
825,"Method 1",128,95,171
826,"Method 1",134,99,180
827,"Method 1",133,100,175
828,"Method 1",132,92,182
829,"Method 1",133,95,183
830,"Method 1",126,89,176
831,"Method 1",98,70,141
832,"Method 1",93,67,135
833,"Method 1",148,107,202
834,"Method 1",126,92,170
835,"Method 1",110,80,148
836,"Method 1",135,99,183
837,"Method 1",95,72,131
838,"Method 1",122,88,168
839,"Method 1",102,78,136
840,"Method 1",122,88,172
841,"Method 1",128,92,177
842,"Method 1",124,93,163
843,"Method 1",144,105,195
844,"Method 1",114,84,156
845,"Method 1",122,89,167
846,"Method 1",120,88,162
847,"Method 1",103,69,149
848,"Method 1",98,62,150
849,"Method 1",96,67,141
850,"Method 1",124,90,171
851,"Method 1",95,69,134
852,"Method 1",122,88,170
853,"Method 1",128,91,177
854,"Method 1",134,94,188
855,"Method 1",112,80,156
856,"Method 1",128,89,180
857,"Method 1",149,105,204
858,"Method 1",104,72,146
859,"Method 1",149,107,203
860,"Method 1",109,77,151
861,"Method 1",123,88,171
862,"Method 1",93,59,141
863,"Method 1",128,92,174
864,"Method 1",89,65,128
865,"Method 1",138,94,196
866,"Method 1",114,78,160
867,"Method 1",84,62,139
868,"Method 1",127,86,179
869,"Method 1",117,80,166
870,"Method 1",122,86,169
871,"Method 1",97,69,137
872,"Method 1",110,79,152
873,"Method 1",100,74,136
874,"Method 1",143,103,193
875,"Method 1",119,89,157
876,"Method 1",104,76,147
877,"Method 1",109,77,155
878,"Method 1",65,55,79
879,"Method 1",117,83,165
880,"Method 1",116,85,156
881,"Method 1",154,113,210
882,"Method 1",117,90,152
883,"Method 1",98,70,142
884,"Method 1",154,113,210
885,"Method 1",117,90,152
886,"Method 1",98,70,142
887,"Method 1",121,83,168
888,"Method 1",100,70,145
889,"Method 1",118,83,161
890,"Method 1",120,90,160
891,"Method 1",93,64,139
892,"Method 1",98,68,141
893,"Method 1",110,78,154
894,"Method 1",121,82,172
895,"Method 1",115,83,160
896,"Method 1",98,68,139
897,"Method 1",106,73,152
898,"Method 1",108,73,155
899,"Method 1",122,84,170
900,"Method 1",108,74,156
901,"Method 1",122,85,170
902,"Method 1",118,83,163
903,"Method 1",100,73,144
904,"Method 1",139,98,189
905,"Method 1",135,95,188
906,"Method 1",125,88,175
907,"Method 1",110,79,153
908,"Method 1",115,81,161
909,"Method 1",150,108,209
910,"Method 1",162,118,223
911,"Method 1",122,87,170
912,"Method 1",152,110,208
913,"Method 1",129,96,173
914,"Method 1",133,96,180
915,"Method 1",123,87,174
916,"Method 1",104,77,142
917,"Method 1",118,82,167
918,"Method 1",142,96,210
919,"Method 1",107,77,149
920,"Method 1",147,103,214
921,"Method 1",123,89,171
922,"Method 1",130,89,185
923,"Method 1",122,87,169
924,"Method 1",136,96,188
925,"Method 1",133,97,178
926,"Method 1",132,99,176
927,"Method 1",112,86,147
928,"Method 1",131,97,176
929,"Method 1",143,102,197
930,"Method 1",129,91,178
931,"Method 1",118,86,161
932,"Method 1",121,87,168
933,"Method 1",140,97,197
934,"Method 1",111,81,153
935,"Method 1",106,76,147
936,"Method 1",141,103,191
937,"Method 1",125,87,177
938,"Method 1",122,88,169
939,"Method 1",86,62,130
940,"Method 1",114,82,157
941,"Method 1",166,117,228
942,"Method 1",107,78,147
943,"Method 1",121,89,166
944,"Method 1",90,67,128
945,"Method 1",134,99,178
946,"Method 1",117,89,154
947,"Method 1",108,74,155
948,"Method 1",108,77,155
949,"Method 1",98,63,153
950,"Method 1",65,49,95
951,"Method 1",90,64,127
952,"Method 1",128,89,180
953,"Method 1",41,35,50
954,"Method 1",59,47,75
955,"Method 1",121,82,173
956,"Method 1",103,76,141
957,"Method 1",124,90,169
958,"Method 1",114,81,159
959,"Method 1",123,87,169
960,"Method 1",119,81,166
961,"Method 1",104,74,145
962,"Method 1",118,80,159
963,"Method 1",105,70,151
964,"Method 1",116,83,160
965,"Method 1",143,104,193
966,"Method 1",121,79,168
967,"Method 1",118,82,163
968,"Method 1",114,75,165
969,"Method 1",89,65,124
970,"Method 1",107,76,150
971,"Method 1",101,71,143
972,"Method 1",116,81,161
973,"Method 1",101,72,145
974,"Method 1",106,76,148
975,"Method 1",69,50,103
976,"Method 1",68,52,102
977,"Method 1",118,87,161
978,"Method 1",118,87,159
979,"Method 1",104,76,143
980,"Method 1",117,83,162
981,"Method 1",128,89,180
982,"Method 1",121,86,167
983,"Method 1",120,87,167
984,"Method 1",113,81,156
985,"Method 1",118,83,164
986,"Method 1",127,95,167
987,"Method 1",120,90,158
988,"Method 1",139,100,188
989,"Method 1",125,90,171
990,"Method 1",134,96,187
991,"Method 1",151,108,208
992,"Method 1",136,96,184
993,"Method 1",122,89,167
994,"Method 1",126,91,170
995,"Method 1",148,107,199
996,"Method 1",123,89,166
997,"Method 1",110,80,146
998,"Method 1",104,78,141
999,"Method 1",119,84,166
1000,"Method 1",124,91,167
1001,"Method 1",145,105,198
1002,"Method 1",124,88,172
1003,"Method 1",122,90,164
1004,"Method 1",103,75,152
1005,"Method 1",107,76,149
1006,"Method 1",106,77,145
1007,"Method 1",110,78,152
1008,"Method 1",99,72,136
1009,"Method 1",120,85,165
1010,"Method 1",121,89,165
1011,"Method 1",120,90,160
1012,"Method 1",120,89,162
1013,"Method 1",109,80,146
1014,"Method 1",124,91,168
1015,"Method 1",107,80,141
1016,"Method 1",144,104,195
1017,"Method 1",144,106,191
1018,"Method 1",105,78,143
1019,"Method 1",121,87,166
1020,"Method 1",131,94,179
1021,"Method 1",139,100,190
1022,"Method 1",132,96,180
1023,"Method 1",130,92,178
1024,"Method 1",134,97,183
1025,"Method 1",68,54,97
1026,"Method 1",125,90,171
1027,"Method 1",108,77,154
1028,"Method 1",110,78,153
1029,"Method 1",150,109,202
1030,"Method 1",146,107,193
1031,"Method 1",117,82,162
1032,"Method 1",150,109,201
1033,"Method 1",122,89,167
1034,"Method 1",151,108,214
1035,"Method 1",103,73,146
1036,"Method 1",114,79,164
1037,"Method 1",81,62,122
1038,"Method 1",67,56,80
1039,"Method 1",72,60,88
1040,"Method 1",117,83,166
1041,"Method 1",110,79,152
1042,"Method 1",118,82,166
1043,"Method 1",96,69,137
1044,"Method 1",113,81,155
1045,"Method 1",129,95,173
1046,"Method 1",128,89,182
1047,"Method 1",114,78,162
1048,"Method 1",53,46,62
1049,"Method 1",109,77,152
1050,"Method 1",115,82,159
1051,"Method 1",138,98,188
1052,"Method 1",91,66,129
1053,"Method 1",52,42,75
1054,"Method 1",105,73,151
1055,"Method 1",134,97,182
1056,"Method 1",115,89,150
1057,"Method 1",88,69,117
1058,"Method 1",175,126,240
1059,"Method 1",128,94,171
1060,"Method 1",61,52,73
1061,"Method 1",126,91,172
1062,"Method 1",133,94,185
1063,"Method 1",119,85,164
1064,"Method 1",90,70,128
1065,"Method 1",58,48,69
1066,"Method 1",114,83,153
1067,"Method 1",119,88,162
1068,"Method 1",136,95,188
1069,"Method 1",142,101,191
1070,"Method 1",114,78,162
1071,"Method 1",133,96,179
1072,"Method 1",158,112,215
1073,"Method 1",70,57,95
1074,"Method 1",124,87,173
1075,"Method 1",137,96,189
1076,"Method 1",110,78,155
1077,"Method 1",126,87,176
1078,"Method 1",91,67,129
1079,"Method 1",121,81,172
1080,"Method 1",84,54,134
1081,"Method 1",108,76,150
1082,"Method 1",97,70,133
1083,"Method 1",121,89,160
1084,"Method 1",128,90,178
1085,"Method 1",129,91,177
1086,"Method 1",125,89,173
1087,"Method 1",99,71,142
1088,"Method 1",87,65,125
1089,"Method 1",129,93,175
1090,"Method 1",152,112,203
1091,"Method 1",109,78,148
1092,"Method 1",113,86,148
1093,"Method 1",109,79,149
1094,"Method 1",119,85,163
1095,"Method 1",123,87,171
1096,"Method 1",94,68,132
1097,"Method 1",122,88,167
1098,"Method 1",127,87,178
1099,"Method 1",112,81,153
1100,"Method 1",108,78,148
1101,"Method 1",130,94,176
1102,"Method 1",131,95,176
1103,"Method 1",144,105,193
1104,"Method 1",143,104,191
1105,"Method 1",142,106,187
1106,"Method 1",137,99,185
1107,"Method 1",143,105,193
1108,"Method 1",128,93,172
1109,"Method 1",140,101,189
1110,"Method 1",147,109,195
1111,"Method 1",144,104,192
1112,"Method 1",117,86,158
1113,"Method 1",148,109,199
1114,"Method 1",67,54,89
1115,"Method 1",101,70,151
1116,"Method 1",132,97,177
1117,"Method 1",140,101,187
1118,"Method 1",129,94,174
1119,"Method 1",142,101,198
1120,"Method 1",131,95,177
1121,"Method 1",141,102,189
1122,"Method 1",125,91,168
1123,"Method 1",117,84,160
1124,"Method 1",120,88,163
1125,"Method 1",72,57,101
1126,"Method 1",109,80,147
1127,"Method 1",118,89,154
1128,"Method 1",102,76,145
1129,"Method 1",118,88,157
1130,"Method 1",122,90,164
1131,"Method 1",148,109,196
1132,"Method 1",119,90,155
1133,"Method 1",141,103,189
1134,"Method 1",118,85,160
1135,"Method 1",91,67,131
1136,"Method 1",112,82,153
1137,"Method 1",123,90,167
1138,"Method 1",132,97,177
1139,"Method 1",136,100,182
1140,"Method 1",132,97,177
1141,"Method 1",124,88,171
1142,"Method 1",149,103,204
1143,"Method 1",113,82,156
1144,"Method 1",124,92,167
1145,"Method 1",110,78,158
1146,"Method 1",124,92,167
1147,"Method 1",110,78,158
1148,"Method 1",109,81,143
1149,"Method 1",98,71,137
1150,"Method 1",105,76,147
1151,"Method 1",65,51,95
1152,"Method 1",90,68,132
1153,"Method 1",64,52,80
1154,"Method 1",130,93,177
1155,"Method 1",100,69,145
1156,"Method 1",52,43,69
1157,"Method 1",105,68,157
1158,"Method 1",140,100,189
1159,"Method 1",97,70,138
1160,"Method 1",89,66,129
1161,"Method 1",141,100,192
1162,"Method 1",99,70,137
1163,"Method 1",133,96,181
1164,"Method 1",126,88,174
1165,"Method 1",124,89,171
1166,"Method 1",123,86,171
1167,"Method 1",161,117,215
1168,"Method 1",119,89,157
1169,"Method 1",134,99,180
1170,"Method 1",118,88,156
1171,"Method 1",152,112,202
1172,"Method 1",143,104,193
1173,"Method 1",135,99,181
1174,"Method 1",140,101,190
1175,"Method 1",123,87,171
1176,"Method 1",94,66,140
1177,"Method 1",124,90,168
1178,"Method 1",114,81,157
1179,"Method 1",111,79,152
1180,"Method 1",111,80,153
1181,"Method 1",104,76,144
1182,"Method 1",110,79,150
1183,"Method 1",116,84,158
1184,"Method 1",122,90,165
1185,"Method 1",56,46,70
1186,"Method 1",133,97,179
1187,"Method 1",52,43,69
1188,"Method 1",144,103,196
1189,"Method 1",129,92,178
1190,"Method 1",129,95,172
1191,"Method 1",151,109,210
1192,"Method 1",129,93,175
1193,"Method 1",110,80,152
1194,"Method 1",129,95,173
1195,"Method 1",126,93,169
1196,"Method 1",144,105,200
1197,"Method 1",109,79,149
1198,"Method 1",159,111,232
1199,"Method 1",144,103,197
1200,"Method 1",133,96,182
1201,"Method 1",167,121,232
1202,"Method 1",176,127,241
1203,"Method 1",125,90,169
1204,"Method 1",123,92,165
1205,"Method 1",134,97,181
1206,"Method 1",144,104,197
1207,"Method 1",125,90,170
1208,"Method 1",164,121,219
1209,"Method 1",141,103,190
1210,"Method 1",164,123,216
1211,"Method 1",115,88,152
1212,"Method 1",131,97,173
1213,"Method 1",118,81,171
1214,"Method 1",176,120,255
1215,"Method 1",154,115,203
1216,"Method 1",124,84,180
1217,"Bead Blaster",85,62,121
1218,"Bead Blaster",101,70,142
1219,"Bead Blaster",76,52,118
1220,"Bead Blaster",111,80,154
1221,"Bead Blaster",174,129,234
1222,"Bead Blaster",120,89,158
1223,"Bead Blaster",136,101,182
1224,"Bead Blaster",137,100,182
1225,"Bead Blaster",111,80,149
1226,"Bead Blaster",125,93,165
1227,"Bead Blaster",127,95,168
1228,"Bead Blaster",116,86,155
1229,"Bead Blaster",109,80,147
1230,"Bead Blaster",130,94,173
1231,"Bead Blaster",109,77,150
1232,"Bead Blaster",131,95,180
1233,"Bead Blaster",124,92,166
1234,"Bead Blaster",118,89,158
1235,"Bead Blaster",97,68,143
1236,"Bead Blaster",90,68,132
1237,"Bead Blaster",134,96,184
1238,"Bead Blaster",130,93,179
1239,"Bead Blaster",108,75,155
1240,"Bead Blaster",137,100,183
1241,"Bead Blaster",123,85,174
1242,"Bead Blaster",155,110,213
1243,"Bead Blaster",149,102,212
1244,"Bead Blaster",132,91,188
1245,"Bead Blaster",149,105,204
1246,"Bead Blaster",126,89,177
1247,"Bead Blaster",148,103,207
1248,"Bead Blaster",111,83,149
1249,"Bead Blaster",113,80,159
1250,"Bead Blaster",142,100,197
1251,"Bead Blaster",132,95,181
1252,"Bead Blaster",138,99,188
1253,"Bead Blaster",128,91,174
1254,"Bead Blaster",134,96,180
1255,"Bead Blaster",113,81,153
1256,"Bead Blaster",105,74,150
1257,"Bead Blaster",107,76,150
1258,"Bead Blaster",89,65,128
1259,"Bead Blaster",83,60,126
1260,"Bead Blaster",110,79,154
1261,"Bead Blaster",106,76,151
1262,"Bead Blaster",127,90,176
1263,"Bead Blaster",134,95,182
1264,"Bead Blaster",120,89,162
1265,"Bead Blaster",121,87,168
1266,"Bead Blaster",126,89,179
1267,"Bead Blaster",138,98,191
1268,"Bead Blaster",102,73,149
1269,"Bead Blaster",115,82,159
1270,"Bead Blaster",131,93,181
1271,"Bead Blaster",118,79,169
1272,"Bead Blaster",147,101,207
1273,"Bead Blaster",111,80,151
1274,"Bead Blaster",109,78,159
1275,"Bead Blaster",133,92,191
1276,"Bead Blaster",143,103,195
1277,"Bead Blaster",119,84,169
1278,"Bead Blaster",134,91,199
1279,"Bead Blaster",155,109,218
1280,"Bead Blaster",80,64,111
1281,"Bead Blaster",148,107,200
1282,"Bead Blaster",124,90,169
1283,"Bead Blaster",131,94,178
1284,"Bead Blaster",156,112,211
1285,"Bead Blaster",124,87,174
1286,"Bead Blaster",127,92,171
1287,"Bead Blaster",103,78,138
1288,"Bead Blaster",140,103,189
1289,"Bead Blaster",102,73,144
1290,"Bead Blaster",73,59,96
1291,"Bead Blaster",120,88,164
1292,"Bead Blaster",92,69,132
1293,"Bead Blaster",120,85,165
1294,"Bead Blaster",113,82,160
1295,"Bead Blaster",135,98,184
1296,"Bead Blaster",98,70,136
1297,"Bead Blaster",116,81,162
1298,"Bead Blaster",102,76,140
1299,"Bead Blaster",141,100,194
1300,"Bead Blaster",132,98,178
1301,"Bead Blaster",112,79,159
1302,"Bead Blaster",114,81,158
1303,"Bead Blaster",108,76,154
1304,"Bead Blaster",126,90,172
1305,"Bead Blaster",115,83,157
1306,"Bead Blaster",123,86,172
1307,"Bead Blaster",88,66,125
1308,"Bead Blaster",143,102,197
1309,"Bead Blaster",109,73,166
1310,"Bead Blaster",91,60,155
1311,"Bead Blaster",135,91,190
1312,"Bead Blaster",116,84,159
1313,"Bead Blaster",132,98,178
1314,"Bead Blaster",118,88,158
1315,"Bead Blaster",120,89,161
1316,"Bead Blaster",120,89,162
1317,"Bead Blaster",115,80,160
1318,"Bead Blaster",126,91,171
1319,"Bead Blaster",121,88,167
1320,"Bead Blaster",104,78,141
1321,"Bead Blaster",104,76,143
1322,"Bead Blaster",129,97,165
1323,"Bead Blaster",100,69,147
1324,"Bead Blaster",126,89,174
1325,"Bead Blaster",71,58,101
1326,"Bead Blaster",110,78,156
1327,"Bead Blaster",122,90,166
1328,"Bead Blaster",123,89,168
1329,"Bead Blaster",120,86,165
1330,"Bead Blaster",115,81,160
1331,"Bead Blaster",116,77,168
1332,"Bead Blaster",109,77,151
1333,"Bead Blaster",121,86,167
1334,"Bead Blaster",105,73,151
1335,"Bead Blaster",109,80,148
1336,"Bead Blaster",88,66,121
1337,"Bead Blaster",87,66,127
1338,"Bead Blaster",101,73,140
1339,"Bead Blaster",101,73,149
1340,"Bead Blaster",111,78,157
1341,"Bead Blaster",116,80,163
1342,"Bead Blaster",97,70,137
1343,"Bead Blaster",113,82,160
1344,"Bead Blaster",117,81,165
1345,"Bead Blaster",119,85,166
1346,"Bead Blaster",115,82,159
1347,"Bead Blaster",100,75,135
1348,"Bead Blaster",106,77,151
1349,"Bead Blaster",142,102,192
1350,"Bead Blaster",122,80,171
1351,"Bead Blaster",110,77,155
1352,"Bead Blaster",113,81,155
1353,"Bead Blaster",104,77,143
1354,"Bead Blaster",110,78,158
1355,"Bead Blaster",114,81,159
1356,"Bead Blaster",165,121,219
1357,"Bead Blaster",105,77,145
1358,"Bead Blaster",71,58,96
1359,"Bead Blaster",116,85,156
1360,"Bead Blaster",142,101,194
1361,"Bead Blaster",147,105,201
1362,"Bead Blaster",70,56,97
1363,"Bead Blaster",119,88,157
1364,"Bead Blaster",96,72,136
1365,"Bead Blaster",131,94,178
1366,"Bead Blaster",128,94,171
1367,"Bead Blaster",130,94,175
1368,"Bead Blaster",117,86,157
1369,"Bead Blaster",123,88,172
1370,"Bead Blaster",147,106,205
1371,"Bead Blaster",144,105,195
1372,"Bead Blaster",152,109,210
1373,"Bead Blaster",100,74,141
1374,"Bead Blaster",139,101,187
1375,"Bead Blaster",104,74,144
1376,"Bead Blaster",110,77,161
1377,"Bead Blaster",113,82,155
1378,"Bead Blaster",118,85,163
1379,"Bead Blaster",121,88,166
1380,"Bead Blaster",77,58,116
1381,"Bead Blaster",93,68,131
1382,"Bead Blaster",121,88,165
1383,"Bead Blaster",134,98,178
1384,"Bead Blaster",125,90,170
1385,"Bead Blaster",126,93,168
1386,"Bead Blaster",143,102,197
1387,"Bead Blaster",105,76,145
1388,"Bead Blaster",129,95,172
1389,"Bead Blaster",89,67,125
1390,"Bead Blaster",97,69,136
1391,"Bead Blaster",100,73,139
1392,"Bead Blaster",111,81,153
1393,"Bead Blaster",93,68,133
1394,"Bead Blaster",75,55,123
1395,"Bead Blaster",97,72,131
1396,"Bead Blaster",114,80,159
1397,"Bead Blaster",117,83,162
1398,"Bead Blaster",102,73,142
1399,"Bead Blaster",127,91,174
1400,"Bead Blaster",120,87,163
1401,"Bead Blaster",110,78,154
1402,"Bead Blaster",120,84,169
1403,"Bead Blaster",127,96,168
1404,"Bead Blaster",128,93,173
1405,"Bead Blaster",122,89,168
1406,"Bead Blaster",127,92,175
1407,"Bead Blaster",109,73,152
1408,"Bead Blaster",109,77,153
1409,"Bead Blaster",136,101,182
1410,"Bead Blaster",128,96,169
1411,"Bead Blaster",132,96,180
1412,"Bead Blaster",139,99,195
1413,"Bead Blaster",151,106,209
1414,"Bead Blaster",138,100,187
1415,"Bead Blaster",116,84,159
1416,"Bead Blaster",119,81,170
1417,"Bead Blaster",84,67,115
1418,"Bead Blaster",144,103,196
1419,"Bead Blaster",136,97,187
1420,"Bead Blaster",73,60,92
1421,"Bead Blaster",126,90,172
1422,"Bead Blaster",108,76,153
1423,"Bead Blaster",104,74,148
1424,"Bead Blaster",118,81,165
1425,"Bead Blaster",110,77,156
1426,"Bead Blaster",112,76,166
1427,"Bead Blaster",108,79,153
1428,"Bead Blaster",119,83,166
1429,"Bead Blaster",132,95,179
1430,"Bead Blaster",99,68,143
1431,"Bead Blaster",115,79,167
1432,"Bead Blaster",144,104,196
1433,"Bead Blaster",120,88,165
1434,"Bead Blaster",101,73,141
1435,"Bead Blaster",120,85,167
1436,"Bead Blaster",112,79,156
1437,"Bead Blaster",120,87,165
1438,"Bead Blaster",124,87,174
1439,"Bead Blaster",82,59,120
1440,"Bead Blaster",111,79,156
1441,"Bead Blaster",100,71,144
1442,"Bead Blaster",128,89,178
1443,"Bead Blaster",112,79,159
1444,"Bead Blaster",145,105,199
1445,"Bead Blaster",118,86,161
1446,"Bead Blaster",142,103,194
1447,"Bead Blaster",121,90,163
1448,"Bead Blaster",120,84,169
1449,"Bead Blaster",133,97,180
1450,"Bead Blaster",100,67,145
1451,"Bead Blaster",128,90,175
1452,"Bead Blaster",128,89,182
1453,"Bead Blaster",125,88,173
1454,"Bead Blaster",110,80,151
1455,"Bead Blaster",120,87,166
1456,"Bead Blaster",154,108,217
1457,"Bead Blaster",108,77,149
1458,"Bead Blaster",131,95,181
1459,"Bead Blaster",95,69,132
1460,"Bead Blaster",101,70,145
1461,"Bead Blaster",110,78,155
1462,"Bead Blaster",127,89,177
1463,"Bead Blaster",102,76,140
1464,"Bead Blaster",142,102,195
1465,"Bead Blaster",107,78,147
1466,"Bead Blaster",106,75,152
1467,"Bead Blaster",148,104,204
1468,"Bead Blaster",89,66,127
1469,"Bead Blaster",110,78,158
1470,"Bead Blaster",118,82,167
1471,"Bead Blaster",101,74,141
1472,"Bead Blaster",112,79,160
1473,"Bead Blaster",114,84,154
1474,"Bead Blaster",113,79,163
1475,"Bead Blaster",128,89,181
1476,"Bead Blaster",126,89,175
1477,"Bead Blaster",101,70,147
1478,"Bead Blaster",124,86,175
1479,"Bead Blaster",121,84,172
1480,"Bead Blaster",100,70,145
1481,"Bead Blaster",111,79,158
1482,"Bead Blaster",101,72,144
1483,"Bead Blaster",107,75,155
1484,"Bead Blaster",119,79,175
1485,"Bead Blaster",113,82,156
1486,"Bead Blaster",102,72,145
1487,"Bead Blaster",112,78,160
1488,"Bead Blaster",120,83,171
1489,"Bead Blaster",96,69,134
1490,"Bead Blaster",113,80,161
1491,"Bead Blaster",131,90,186
1492,"Bead Blaster",107,76,149
1493,"Bead Blaster",127,87,179
1494,"Bead Blaster",121,86,166
1495,"Bead Blaster",132,92,184
1496,"Bead Blaster",127,89,180
1497,"Bead Blaster",128,91,173
1498,"Bead Blaster",125,88,174
1499,"Bead Blaster",101,70,146
1500,"Bead Blaster",135,93,190
1501,"Bead Blaster",105,64,163
1502,"Bead Blaster",114,80,160
1503,"Bead Blaster",130,89,182
1504,"Bead Blaster",87,60,129
1505,"Bead Blaster",121,83,171
1506,"Bead Blaster",87,64,121
1507,"Bead Blaster",130,91,178
1508,"Bead Blaster",131,98,172
1509,"Bead Blaster",110,79,154
1510,"Bead Blaster",126,95,166
1511,"Bead Blaster",103,71,148
1512,"Bead Blaster",111,80,155
1513,"Bead Blaster",118,87,159
1514,"Bead Blaster",90,70,122
1515,"Bead Blaster",113,80,159
1516,"Bead Blaster",122,91,163
1517,"Bead Blaster",76,61,100
1518,"Bead Blaster",128,93,172
1519,"Bead Blaster",111,82,151
1520,"Bead Blaster",88,69,114
1521,"Bead Blaster",142,99,203
1522,"Bead Blaster",128,91,176
1523,"Bead Blaster",124,89,169
1524,"Bead Blaster",138,101,184
1525,"Bead Blaster",126,90,172
1526,"Bead Blaster",132,95,180
1527,"Bead Blaster",141,100,197
1528,"Bead Blaster",124,90,169
1529,"Bead Blaster",142,101,193
1530,"Bead Blaster",122,90,163
1531,"Bead Blaster",123,89,169
1532,"Bead Blaster",126,89,178
1533,"Bead Blaster",129,92,179
1534,"Bead Blaster",133,95,184
1535,"Bead Blaster",145,106,197
1536,"Bead Blaster",130,93,179
1537,"Bead Blaster",133,91,187
1538,"Bead Blaster",105,72,155
1539,"Bead Blaster",123,90,171
1540,"Bead Blaster",146,103,207
1541,"Bead Blaster",147,106,201
1542,"Bead Blaster",161,118,215
1543,"Bead Blaster",133,97,179
1544,"Bead Blaster",148,108,201
1545,"Bead Blaster",127,94,168
1546,"Bead Blaster",120,88,165
1547,"Bead Blaster",116,81,162
1548,"Bead Blaster",131,98,172
1549,"Bead Blaster",126,93,169
1550,"Bead Blaster",125,89,174
1551,"Bead Blaster",97,72,132
1552,"Bead Blaster",102,72,145
1553,"Bead Blaster",132,96,179
1554,"Bead Blaster",116,83,159
1555,"Bead Blaster",122,90,164
1556,"Bead Blaster",110,79,152
1557,"Bead Blaster",121,82,174
1558,"Bead Blaster",125,80,181
1559,"Bead Blaster",134,99,181
1560,"Bead Blaster",116,85,157
1561,"Bead Blaster",137,98,189
1562,"Bead Blaster",121,86,167
1563,"Bead Blaster",125,86,177
1564,"Bead Blaster",133,97,181
1565,"Bead Blaster",117,83,161
1566,"Bead Blaster",90,64,136
1567,"Bead Blaster",111,73,165
1568,"Bead Blaster",109,80,147
1569,"Bead Blaster",130,95,175
1570,"Bead Blaster",129,93,175
1571,"Bead Blaster",113,78,161
1572,"Bead Blaster",124,92,164
1573,"Bead Blaster",122,87,171
1574,"Bead Blaster",132,97,180
1575,"Bead Blaster",134,97,185
1576,"Bead Blaster",139,100,187
1577,"Bead Blaster",121,89,165
1578,"Bead Blaster",129,91,180
1579,"Bead Blaster",118,89,154
1580,"Bead Blaster",120,88,164
1581,"Bead Blaster",139,103,183
1582,"Bead Blaster",139,102,185
1583,"Bead Blaster",146,107,193
1584,"Bead Blaster",152,111,203
1585,"Bead Blaster",131,98,172
1586,"Bead Blaster",133,97,179
1587,"Bead Blaster",134,95,183
1588,"Bead Blaster",151,109,205
1589,"Bead Blaster",122,85,172
1590,"Bead Blaster",108,78,148
1591,"Bead Blaster",130,95,175
1592,"Bead Blaster",132,96,180
1593,"Bead Blaster",121,90,162
1594,"Bead Blaster",84,69,106
1595,"Bead Blaster",134,99,177
1596,"Bead Blaster",122,90,162
1597,"Bead Blaster",118,90,154
1598,"Bead Blaster",120,91,154
1599,"Bead Blaster",126,96,163
1600,"Bead Blaster",118,87,161
1601,"Bead Blaster",102,77,137
1602,"Bead Blaster",83,67,119
1603,"Bead Blaster",100,75,138
1604,"Bead Blaster",104,76,144
1605,"Bead Blaster",111,82,149
1606,"Bead Blaster",75,60,100
1607,"Bead Blaster",136,99,183
1608,"Bead Blaster",144,107,189
1609,"Bead Blaster",119,85,165
1610,"Bead Blaster",167,121,231
1611,"Bead Blaster",161,117,215
1612,"Bead Blaster",160,113,224
1613,"Bead Blaster",130,92,180
1614,"Bead Blaster",134,100,179
1615,"Bead Blaster",130,97,169
1616,"Bead Blaster",133,97,180
1617,"Bead Blaster",125,94,165
1618,"Bead Blaster",69,58,88
1619,"Bead Blaster",152,111,203
1620,"Bead Blaster",145,106,193
1621,"Bead Blaster",139,102,185
1622,"Bead Blaster",116,83,159
1623,"Bead Blaster",138,100,186
1624,"Bead Blaster",90,68,129
1625,"Bead Blaster",120,85,167
1626,"Bead Blaster",112,81,153
1627,"Bead Blaster",105,74,148
1628,"Bead Blaster",108,80,145
1629,"Bead Blaster",133,96,178
1630,"Bead Blaster",144,104,194
1631,"Bead Blaster",122,93,160
1632,"Bead Blaster",146,106,198
1633,"Bead Blaster",85,67,120
1634,"Bead Blaster",130,91,180
1635,"Bead Blaster",107,78,147
1636,"Bead Blaster",131,96,175
1637,"Bead Blaster",157,114,211
1638,"Bead Blaster",123,87,172
1639,"Bead Blaster",150,109,204
1640,"Bead Blaster",143,101,196
1641,"Bead Blaster",123,87,172
1642,"Bead Blaster",140,100,190
1643,"Bead Blaster",144,102,198
1644,"Bead Blaster",134,98,179
1645,"Bead Blaster",59,49,75
1646,"Bead Blaster",149,107,204
1647,"Bead Blaster",127,94,168
1648,"Bead Blaster",103,77,139
1649,"Bead Blaster",116,79,167
1650,"Bead Blaster",105,79,141
1651,"Bead Blaster",140,101,190
1652,"Bead Blaster",108,81,142
1653,"Bead Blaster",121,89,161
1654,"Bead Blaster",138,100,185
1655,"Bead Blaster",110,82,146
1656,"Bead Blaster",127,96,168
1657,"Bead Blaster",129,94,171
1658,"Bead Blaster",110,85,140
1659,"Bead Blaster",124,94,163
1660,"Bead Blaster",115,80,162
1661,"Bead Blaster",97,75,130
1662,"Bead Blaster",151,109,202
1663,"Bead Blaster",136,100,181
1664,"Bead Blaster",180,130,247
1665,"Bead Blaster",145,106,192
1666,"Bead Blaster",125,93,167
1667,"Bead Blaster",147,106,197
1668,"Bead Blaster",175,129,239
1669,"Bead Blaster",161,116,217
1670,"Bead Blaster",146,106,197
1671,"Bead Blaster",163,116,226
1672,"Bead Blaster",118,88,158
1673,"Bead Blaster",111,76,161
1674,"Bead Blaster",133,98,175
1675,"Bead Blaster",163,120,218
1676,"Bead Blaster",85,65,124
1677,"Bead Blaster",126,91,171
1678,"Bead Blaster",114,83,154
1679,"Bead Blaster",144,104,194
1680,"Bead Blaster",143,104,197
1681,"Bead Blaster",144,104,194
1682,"Bead Blaster",143,104,197
1683,"Bead Blaster",129,94,174
1684,"Bead Blaster",142,103,190
1685,"Bead Blaster",146,105,197
1686,"Bead Blaster",137,99,185
1687,"Bead Blaster",140,101,190
1688,"Bead Blaster",104,80,138
1689,"Bead Blaster",131,96,177
1690,"Bead Blaster",124,92,164
1691,"Bead Blaster",101,76,138
1692,"Bead Blaster",120,86,170
1693,"Bead Blaster",91,69,129
1694,"Bead Blaster",126,88,179
1695,"Bead Blaster",118,81,168
1696,"Bead Blaster",126,88,175
1697,"Bead Blaster",118,79,172
1698,"Bead Blaster",108,77,152
1699,"Bead Blaster",123,89,170
1700,"Bead Blaster",114,80,161
1701,"Bead Blaster",139,100,189
1702,"Bead Blaster",128,92,173
1703,"Bead Blaster",97,70,132
1704,"Bead Blaster",102,71,151
1705,"Bead Blaster",117,82,162
1706,"Bead Blaster",128,91,177
1707,"Bead Blaster",108,80,147
1708,"Bead Blaster",126,82,183
1709,"Bead Blaster",109,79,151
1710,"Bead Blaster",166,119,228
1711,"Bead Blaster",166,119,228
1712,"Bead Blaster",128,91,177
1713,"Bead Blaster",127,90,177
1714,"Bead Blaster",135,99,182
1715,"Bead Blaster",72,57,101
1716,"Bead Blaster",113,77,163
1717,"Bead Blaster",153,110,208
1718,"Bead Blaster",139,100,189
1719,"Bead Blaster",119,86,164
1720,"Bead Blaster",120,81,170
1721,"Bead Blaster",137,96,191
1722,"Bead Blaster",114,81,158
1723,"Bead Blaster",114,83,155
1724,"Bead Blaster",97,68,147
1725,"Bead Blaster",111,80,154
1726,"Bead Blaster",100,72,141
1727,"Bead Blaster",100,72,141
1728,"Bead Blaster",143,98,204
1729,"Bead Blaster",128,94,176
1730,"Bead Blaster",138,96,194
1731,"Bead Blaster",136,91,193
1732,"Bead Blaster",152,107,211
1733,"Bead Blaster",140,98,195
1734,"Bead Blaster",120,82,168
1735,"Bead Blaster",124,89,170
1736,"Bead Blaster",110,81,153
1737,"Bead Blaster",105,77,148
1738,"Bead Blaster",133,90,191
1739,"Bead Blaster",71,57,97
1740,"Bead Blaster",118,80,167
1741,"Bead Blaster",138,94,196
1742,"Bead Blaster",109,75,157
1743,"Bead Blaster",130,90,181
1744,"Bead Blaster",107,73,159
1745,"Bead Blaster",106,73,151
1746,"Bead Blaster",128,88,182
1747,"Bead Blaster",140,96,194
1748,"Bead Blaster",127,86,180
1749,"Bead Blaster",156,111,219
1750,"Bead Blaster",155,113,209
1751,"Bead Blaster",124,88,173
1752,"Bead Blaster",123,86,173
1753,"Bead Blaster",128,87,182
1754,"Bead Blaster",104,73,154
1755,"Bead Blaster",148,110,198
1756,"Bead Blaster",164,118,233
1757,"Bead Blaster",154,105,218
1758,"Bead Blaster",127,89,175
1759,"Bead Blaster",120,85,166
1760,"Bead Blaster",110,77,155
1761,"Bead Blaster",124,83,179
1762,"Bead Blaster",107,75,151
1763,"Bead Blaster",134,97,183
1764,"Bead Blaster",138,98,193
1765,"Bead Blaster",128,94,173
1766,"Bead Blaster",119,84,164
1767,"Bead Blaster",108,74,153
1768,"Bead Blaster",120,80,172
1769,"Bead Blaster",108,74,155
1770,"Bead Blaster",138,97,191
1771,"Bead Blaster",108,74,155
1772,"Bead Blaster",130,91,179
1773,"Bead Blaster",136,97,186
1774,"Bead Blaster",138,98,190
1775,"Bead Blaster",146,103,200
1776,"Bead Blaster",115,78,163
1777,"Bead Blaster",98,67,141
1778,"Bead Blaster",134,97,181
1779,"Bead Blaster",59,47,81
1780,"Bead Blaster",119,81,169
1781,"Bead Blaster",107,69,163
1782,"Bead Blaster",73,55,113
1783,"Bead Blaster",121,85,170
1784,"Bead Blaster",119,83,164
1785,"Bead Blaster",100,71,142
1786,"Bead Blaster",109,76,155
1787,"Bead Blaster",110,76,158
1788,"Bead Blaster",142,98,206
1789,"Bead Blaster",109,78,151
1790,"Bead Blaster",119,84,169
1791,"Bead Blaster",106,76,148
1792,"Bead Blaster",122,85,170
1793,"Bead Blaster",127,90,176
1794,"Bead Blaster",147,109,199
1795,"Bead Blaster",124,87,173
1796,"Bead Blaster",145,102,200
1797,"Bead Blaster",135,97,187
1798,"Bead Blaster",102,72,144
1799,"Bead Blaster",106,78,141
1800,"Bead Blaster",130,90,184
1801,"Bead Blaster",120,87,164
1802,"Bead Blaster",101,73,140
1803,"Bead Blaster",96,69,134
1804,"Bead Blaster",120,84,167
1805,"Bead Blaster",141,98,200
1806,"Bead Blaster",105,73,152
1807,"Bead Blaster",129,91,178
1808,"Bead Blaster",111,77,159
1809,"Bead Blaster",110,79,152
1810,"Bead Blaster",121,85,170
1811,"Bead Blaster",143,98,207
1812,"Bead Blaster",140,97,198
1813,"Bead Blaster",134,92,191
1814,"Bead Blaster",115,80,165
1815,"Bead Blaster",96,72,137
1816,"Bead Blaster",121,79,185
1817,"Bead Blaster",94,69,136
1818,"Bead Blaster",150,109,207
1819,"Bead Blaster",134,98,180
1820,"Bead Blaster",129,95,177
1821,"Bead Blaster",123,86,175
1822,"Bead Blaster",128,94,173
1823,"Bead Blaster",136,98,189
1824,"Bead Blaster",120,81,180
1825,"Bead Blaster",137,90,205
1826,"Bead Blaster",102,71,145
1827,"Bead Blaster",126,91,174
1828,"Bead Blaster",124,86,175
1829,"Bead Blaster",118,81,166
1830,"Bead Blaster",122,85,172
1831,"Bead Blaster",124,88,172
1832,"Bead Blaster",115,81,161
1833,"Bead Blaster",130,91,180
1834,"Bead Blaster",127,87,180
1835,"Bead Blaster",142,100,199
1836,"Bead Blaster",67,56,83
1837,"Bead Blaster",116,82,163
1838,"Bead Blaster",135,98,183
1839,"Bead Blaster",113,80,158
1840,"Bead Blaster",109,77,153
1841,"Bead Blaster",84,63,126
1842,"Bead Blaster",133,92,185
1843,"Bead Blaster",119,81,167
1844,"Bead Blaster",110,76,157
1845,"Bead Blaster",117,82,164
1846,"Bead Blaster",133,87,195
1847,"Bead Blaster",109,75,161
1848,"Bead Blaster",102,71,145
1849,"Bead Blaster",132,89,186
1850,"Bead Blaster",131,88,188
1851,"Bead Blaster",115,79,162
1852,"Bead Blaster",125,87,176
1853,"Bead Blaster",105,75,149
1854,"Bead Blaster",121,84,169
1855,"Bead Blaster",136,91,192
1856,"Bead Blaster",125,86,177
1857,"Bead Blaster",125,85,177
1858,"Bead Blaster",122,83,174
1859,"Bead Blaster",113,78,162
1860,"Bead Blaster",124,83,181
1861,"Bead Blaster",104,73,149
1862,"Bead Blaster",105,73,150
1863,"Bead Blaster",106,74,151
1864,"Bead Blaster",125,88,177
1865,"Bead Blaster",117,79,171
1866,"Bead Blaster",107,77,149
1867,"Bead Blaster",145,103,200
1868,"Bead Blaster",122,89,168
1869,"Bead Blaster",113,79,160
1870,"Bead Blaster",158,110,219
1871,"Bead Blaster",140,96,199
1872,"Bead Blaster",142,101,196
1873,"Bead Blaster",137,96,191
1874,"Bead Blaster",137,97,189
1875,"Bead Blaster",138,98,191
1876,"Bead Blaster",116,83,159
1877,"Bead Blaster",125,88,177
1878,"Bead Blaster",133,99,180
1879,"Bead Blaster",115,79,165
1880,"Bead Blaster",135,97,183
1881,"Bead Blaster",68,56,86
1882,"Bead Blaster",101,69,147
1883,"Bead Blaster",148,104,205
1884,"Bead Blaster",135,92,191
1885,"Bead Blaster",108,72,157
1886,"Bead Blaster",124,90,169
1887,"Bead Blaster",121,87,168
1888,"Bead Blaster",140,101,190
1889,"Bead Blaster",123,85,171
1890,"Bead Blaster",121,82,173
1891,"Bead Blaster",106,76,156
1892,"Bead Blaster",132,92,184
1893,"Bead Blaster",101,74,138
1894,"Bead Blaster",127,89,178
1895,"Bead Blaster",125,89,174
1896,"Bead Blaster",109,76,154
1897,"Bead Blaster",100,71,145
1898,"Bead Blaster",77,57,121
1899,"Bead Blaster",102,71,145
1900,"Bead Blaster",117,81,164
1901,"Bead Blaster",126,86,180
1902,"Bead Blaster",119,81,169
1903,"Bead Blaster",128,89,179
1904,"Bead Blaster",135,95,189
1905,"Bead Blaster",120,83,169
1906,"Bead Blaster",97,71,135
1907,"Bead Blaster",111,77,156
1908,"Bead Blaster",110,75,161
1909,"Bead Blaster",98,69,139
1910,"Bead Blaster",137,98,188
1911,"Bead Blaster",103,76,142
1912,"Bead Blaster",108,73,158
1913,"Bead Blaster",128,90,179
1914,"Bead Blaster",126,88,175
1915,"Bead Blaster",101,69,137
1916,"Bead Blaster",136,93,191
1917,"Bead Blaster",139,94,198
1918,"Bead Blaster",97,68,140
1919,"Bead Blaster",101,74,140
1920,"Bead Blaster",137,100,184
1921,"Bead Blaster",149,108,205
1922,"Bead Blaster",100,78,132
1923,"Bead Blaster",179,127,248
1924,"Bead Blaster",130,95,175
1925,"Bead Blaster",132,92,187
1926,"Bead Blaster",131,95,179
1927,"Bead Blaster",122,90,166
1928,"Bead Blaster",90,67,143
1929,"Bead Blaster",133,92,183
1930,"Bead Blaster",140,99,193
1931,"Bead Blaster",134,90,194
1932,"Bead Blaster",117,79,169
1933,"Bead Blaster",138,97,192
1934,"Bead Blaster",126,89,176
1935,"Bead Blaster",129,89,180
1936,"Bead Blaster",131,90,183
1937,"Bead Blaster",135,97,182
1938,"Bead Blaster",127,91,173
1939,"Bead Blaster",117,80,169
1940,"Bead Blaster",132,96,179
1941,"Bead Blaster",120,83,169
1942,"Bead Blaster",120,85,167
1943,"Bead Blaster",130,92,177
1944,"Bead Blaster",126,87,176
1945,"Bead Blaster",129,92,179
1946,"Bead Blaster",127,90,176
1947,"Bead Blaster",121,85,171
1948,"Bead Blaster",129,90,178
1949,"Bead Blaster",125,90,170
1950,"Bead Blaster",132,92,181
1951,"Bead Blaster",104,76,143
1952,"Bead Blaster",132,96,181
1953,"Bead Blaster",136,99,185
1954,"Bead Blaster",134,95,184
1955,"Bead Blaster",100,70,143
1956,"Bead Blaster",106,76,146
1957,"Bead Blaster",156,112,214
1958,"Bead Blaster",153,111,203
1959,"Bead Blaster",125,94,166
1960,"Bead Blaster",132,99,175
1961,"Bead Blaster",136,94,188
1962,"Bead Blaster",121,88,165
1963,"Bead Blaster",145,103,201
1964,"Bead Blaster",138,98,185
1965,"Bead Blaster",147,101,211
1966,"Bead Blaster",164,120,224
1967,"Bead Blaster",168,124,227
1968,"Bead Blaster",169,122,230
1969,"Bead Blaster",165,121,229
1970,"Bead Blaster",157,114,212
1971,"Bead Blaster",160,117,220
1972,"Bead Blaster",137,102,183
1973,"Bead Blaster",153,111,209
1974,"Bead Blaster",122,89,166
1975,"Bead Blaster",142,106,193
1976,"Bead Blaster",140,102,190
1977,"Bead Blaster",134,94,186
1978,"Bead Blaster",127,90,178
1979,"Bead Blaster",139,93,214
1980,"Bead Blaster",121,85,169
1981,"Bead Blaster",119,86,166
1982,"Bead Blaster",102,71,150
1983,"Bead Blaster",148,111,197
1984,"Bead Blaster",133,99,176
1985,"Bead Blaster",115,84,155
1986,"Bead Blaster",110,81,148
1987,"Bead Blaster",150,111,202
1988,"Bead Blaster",177,130,240
1989,"Bead Blaster",129,93,176
1990,"Bead Blaster",164,116,221
1991,"Bead Blaster",119,85,164
1992,"Bead Blaster",130,93,176
1993,"Bead Blaster",144,104,197
1994,"Bead Blaster",111,77,162
1995,"Bead Blaster",106,78,145
1996,"Bead Blaster",125,91,169
1997,"Bead Blaster",116,81,160
1998,"Bead Blaster",114,87,152
1999,"Bead Blaster",161,111,226
2000,"Bead Blaster",142,99,202
2001,"Bead Blaster",157,113,214
2002,"Bead Blaster",116,81,165
2003,"Bead Blaster",89,69,124
2004,"Bead Blaster",129,95,173
2005,"Bead Blaster",116,87,154
2006,"Bead Blaster",111,78,159
2007,"Bead Blaster",132,97,176
2008,"Bead Blaster",137,101,181
2009,"Bead Blaster",84,68,112
2010,"Bead Blaster",71,58,95
2011,"Bead Blaster",164,116,234
2012,"Bead Blaster",122,87,170
2013,"Bead Blaster",170,124,233
2014,"Bead Blaster",126,91,173
2015,"Bead Blaster",119,84,166
2016,"Bead Blaster",138,101,185
2017,"Bead Blaster",155,108,217
2018,"Bead Blaster",140,101,191
2019,"Bead Blaster",135,97,182
2020,"Bead Blaster",114,80,163
2021,"Bead Blaster",120,87,164
2022,"Bead Blaster",99,70,146
2023,"Bead Blaster",131,94,179
2024,"Bead Blaster",149,107,204
2025,"Bead Blaster",146,106,197
2026,"Bead Blaster",108,78,153
2027,"Bead Blaster",98,63,157
2028,"Bead Blaster",106,74,155
2029,"Bead Blaster",123,86,175
2030,"Bead Blaster",125,95,163
2031,"Bead Blaster",111,84,150
2032,"Bead Blaster",120,89,164
2033,"Bead Blaster",133,93,182
2034,"Bead Blaster",123,83,180
2035,"Bead Blaster",157,112,218
2036,"Bead Blaster",138,100,185
2037,"Bead Blaster",142,100,197
2038,"Bead Blaster",123,87,173
2039,"Bead Blaster",129,93,175
2040,"Bead Blaster",123,87,169
2041,"Bead Blaster",140,97,195
2042,"Bead Blaster",117,83,162
2043,"Bead Blaster",140,98,194
2044,"Bead Blaster",101,75,137
2045,"Bead Blaster",147,100,218
2046,"Bead Blaster",133,94,183
2047,"Bead Blaster",110,79,156
2048,"Bead Blaster",118,78,175
2049,"Bead Blaster",141,99,195
2050,"Bead Blaster",116,83,163
2051,"Bead Blaster",127,90,175
2052,"Bead Blaster",170,120,241
2053,"Bead Blaster",130,89,183
2054,"Bead Blaster",152,110,207
2055,"Bead Blaster",102,71,146
2056,"Bead Blaster",122,89,167
2057,"Bead Blaster",119,86,165
2058,"Bead Blaster",100,70,151
2059,"Bead Blaster",141,100,192
2060,"Bead Blaster",86,66,122
2061,"Bead Blaster",165,115,232
2062,"Bead Blaster",117,81,170
2063,"Bead Blaster",126,85,181
2064,"Bead Blaster",131,88,188
2065,"Bead Blaster",115,81,161
2066,"Bead Blaster",157,110,216
2067,"Bead Blaster",164,116,232
2068,"Bead Blaster",136,97,188
2069,"Bead Blaster",171,121,239
2070,"Bead Blaster",124,92,165
2071,"Bead Blaster",122,84,176
2072,"Bead Blaster",129,90,185
2073,"Bead Blaster",125,88,175
2074,"Bead Blaster",128,90,179
2075,"Bead Blaster",137,99,187
2076,"Bead Blaster",138,101,187
2077,"Bead Blaster",127,91,176
2078,"Bead Blaster",113,84,151
2079,"Bead Blaster",80,65,108
2080,"Bead Blaster",111,75,162
2081,"Bead Blaster",145,99,204
2082,"Bead Blaster",107,83,137
2083,"Bead Blaster",118,87,154
2084,"Bead Blaster",119,81,172
2085,"Bead Blaster",143,100,208
2086,"Bead Blaster",160,116,218
2087,"Bead Blaster",148,107,203
2088,"Bead Blaster",136,94,193
2089,"Bead Blaster",79,63,105
2090,"Bead Blaster",133,94,183
2091,"Bead Blaster",138,97,194
2092,"Bead Blaster",114,76,167
2093,"Bead Blaster",145,103,197
2094,"Bead Blaster",138,100,183
2095,"Bead Blaster",130,91,180
2096,"Bead Blaster",132,99,174
2097,"Bead Blaster",139,97,193
2098,"Bead Blaster",104,77,142
2099,"Bead Blaster",138,99,190
2100,"Bead Blaster",103,77,144
2101,"Bead Blaster",155,111,212
2102,"Bead Blaster",155,112,211
2103,"Bead Blaster",132,93,185
2104,"Bead Blaster",127,94,167
2105,"Bead Blaster",144,104,196
2106,"Bead Blaster",126,93,167
2107,"Bead Blaster",70,59,86
2108,"Bead Blaster",151,105,212
2109,"Bead Blaster",148,108,199
2110,"Bead Blaster",94,70,135
2111,"Bead Blaster",151,109,207
2112,"Bead Blaster",133,96,182
2113,"Bead Blaster",148,107,201
2114,"Bead Blaster",135,98,182
2115,"Bead Blaster",141,100,197
2116,"Bead Blaster",119,83,167
2117,"Bead Blaster",142,102,193
2118,"Bead Blaster",152,109,208
2119,"Bead Blaster",153,111,208
2120,"Bead Blaster",132,94,183
2121,"Bead Blaster",149,109,202
2122,"Bead Blaster",113,81,156
2123,"Bead Blaster",149,107,200
2124,"Bead Blaster",68,54,91
2125,"Bead Blaster",141,103,192
2126,"Bead Blaster",140,101,191
2127,"Bead Blaster",134,97,183
2128,"Bead Blaster",140,96,200
2129,"Bead Blaster",143,102,196
2130,"Bead Blaster",150,102,214
2131,"Bead Blaster",128,91,176
2132,"Bead Blaster",121,84,171
2133,"Bead Blaster",121,86,169
2134,"Bead Blaster",156,111,212
2135,"Bead Blaster",134,101,176
2136,"Bead Blaster",152,110,207
2137,"Bead Blaster",129,93,176
2138,"Bead Blaster",154,108,217
2139,"Bead Blaster",130,89,185
2140,"Bead Blaster",120,85,167
2141,"Bead Blaster",134,96,184
2142,"Bead Blaster",140,100,190
2143,"Bead Blaster",92,66,134
2144,"Bead Blaster",122,85,174
2145,"Bead Blaster",169,118,236
2146,"Bead Blaster",129,92,177
2147,"Bead Blaster",159,111,220
2148,"Bead Blaster",144,101,199
2149,"Bead Blaster",146,105,202
2150,"Bead Blaster",124,88,173
2151,"Bead Blaster",124,89,172
2152,"Bead Blaster",153,97,226
2153,"Bead Blaster",143,102,198
2154,"Bead Blaster",131,90,185
2155,"Bead Blaster",117,82,165
2156,"Bead Blaster",114,77,166
2157,"Bead Blaster",130,90,180
2158,"Bead Blaster",90,70,126
2159,"Bead Blaster",127,81,191
2160,"Bead Blaster",110,77,157
2161,"Bead Blaster",98,71,137
2162,"Bead Blaster",116,82,162
2163,"Bead Blaster",110,77,158
2164,"Bead Blaster",143,99,208
2165,"Bead Blaster",117,82,165
2166,"Bead Blaster",148,108,212
2167,"Bead Blaster",125,90,165
2168,"Bead Blaster",135,96,187
2169,"Bead Blaster",119,83,166
2170,"Bead Blaster",87,65,124
2171,"Bead Blaster",85,65,129
2172,"Bead Blaster",71,58,98
2173,"Bead Blaster",151,109,205
2174,"Bead Blaster",111,80,159
2175,"Bead Blaster",108,80,148
2176,"Bead Blaster",143,103,196
2177,"Bead Blaster",148,108,212
2178,"Bead Blaster",128,87,183
2179,"Bead Blaster",154,107,218
2180,"Bead Blaster",125,85,188
2181,"Bead Blaster",113,78,164
2182,"Bead Blaster",114,79,164
2183,"Bead Blaster",129,92,176
2184,"Bead Blaster",139,98,194
2185,"Bead Blaster",126,88,178
2186,"Bead Blaster",122,88,167
2187,"Bead Blaster",108,74,155
2188,"Bead Blaster",121,79,178
2189,"Bead Blaster",132,89,188
2190,"Bead Blaster",119,81,169
2191,"Bead Blaster",122,82,175
2192,"Bead Blaster",134,96,195
2193,"Bead Blaster",141,100,196
2194,"Bead Blaster",139,98,195
2195,"Bead Blaster",124,83,181
2196,"Bead Blaster",147,108,200
2197,"Bead Blaster",152,101,219
2198,"Bead Blaster",126,93,171
2199,"Bead Blaster",120,87,166
2200,"Bead Blaster",126,90,177
2201,"Bead Blaster",139,97,197
2202,"Bead Blaster",113,81,158
2203,"Bead Blaster",144,100,206
2204,"Bead Blaster",136,97,191
2205,"Bead Blaster",130,91,183
2206,"Bead Blaster",106,73,167
2207,"Bead Blaster",150,105,213
2208,"Bead Blaster",115,80,165
2209,"Bead Blaster",129,89,185
2210,"Bead Blaster",112,79,160
2211,"Bead Blaster",134,97,180
2212,"Bead Blaster",125,86,179
2213,"Bead Blaster",130,89,181
2214,"Bead Blaster",135,91,195
2215,"Bead Blaster",123,86,174
2216,"Bead Blaster",137,97,187
2217,"Bead Blaster",138,93,201
2218,"Bead Blaster",140,99,194
2219,"Bead Blaster",138,100,186
2220,"Bead Blaster",138,103,183
2221,"Bead Blaster",89,61,140
2222,"Bead Blaster",128,85,186
2223,"Bead Blaster",135,96,186
2224,"Bead Blaster",97,69,143
2225,"Bead Blaster",135,96,186
2226,"Bead Blaster",110,76,158
2227,"Bead Blaster",120,80,172
2228,"Bead Blaster",121,79,180
2229,"Bead Blaster",78,57,124
2230,"Bead Blaster",141,100,196
2231,"Bead Blaster",140,100,195
2232,"Bead Blaster",105,75,150
2233,"Bead Blaster",131,93,181
2234,"Bead Blaster",139,102,185
2235,"Bead Blaster",101,75,141
2236,"Bead Blaster",147,106,201
2237,"Bead Blaster",116,85,160
2238,"Bead Blaster",144,105,194
2239,"Bead Blaster",116,82,161
2240,"Bead Blaster",139,100,185
2241,"Bead Blaster",134,97,182
2242,"Bead Blaster",146,106,199
2243,"Bead Blaster",114,80,160
2244,"Bead Blaster",127,88,178
2245,"Bead Blaster",110,75,161
2246,"Bead Blaster",145,106,194
2247,"Bead Blaster",156,112,217
2248,"Bead Blaster",156,112,217
2249,"Bead Blaster",117,83,163
2250,"Bead Blaster",123,88,168
2251,"Bead Blaster",134,93,188
2252,"Bead Blaster",120,83,167
2253,"Bead Blaster",141,101,193
2254,"Bead Blaster",132,91,186
2255,"Bead Blaster",146,103,200
2256,"Bead Blaster",124,88,173
2257,"Bead Blaster",141,97,202
2258,"Bead Blaster",131,92,185
2259,"Bead Blaster",108,75,154
2260,"Bead Blaster",99,70,141
2261,"Bead Blaster",101,74,144
2262,"Bead Blaster",152,106,212
2263,"Bead Blaster",125,85,182
2264,"Bead Blaster",161,116,220
2265,"Bead Blaster",128,89,182
2266,"Bead Blaster",114,80,161
2267,"Bead Blaster",158,115,212
2268,"Bead Blaster",119,81,171
2269,"Bead Blaster",89,70,112
2270,"Bead Blaster",79,66,101
2271,"Bead Blaster",147,107,200
2272,"Bead Blaster",135,100,182
2273,"Bead Blaster",146,108,198
2274,"Bead Blaster",93,73,123
2275,"Bead Blaster",150,109,202
2276,"Bead Blaster",178,133,255
2277,"Bead Blaster",109,80,155
2278,"Bead Blaster",138,101,183
2279,"Bead Blaster",177,126,250
2280,"Bead Blaster",86,68,116
2281,"Bead Blaster",135,94,190
2282,"Bead Blaster",125,89,173
2283,"Bead Blaster",125,88,176
2284,"Bead Blaster",133,93,185
2285,"Bead Blaster",123,90,168
2286,"Bead Blaster",115,81,160
2287,"Bead Blaster",144,104,194
2288,"Bead Blaster",128,91,175
2289,"Bead Blaster",166,121,227
2290,"Bead Blaster",147,110,197
2291,"Bead Blaster",133,99,176
2292,"Bead Blaster",126,89,175
2293,"Bead Blaster",130,92,181
2294,"Bead Blaster",137,94,196
2295,"Bead Blaster",126,91,171
2296,"Bead Blaster",151,109,214
2297,"Bead Blaster",115,86,158
2298,"Bead Blaster",139,102,187
2299,"Bead Blaster",123,91,165
2300,"Bead Blaster",91,72,125
2301,"Bead Blaster",134,100,183
2302,"Bead Blaster",123,89,166
2303,"Bead Blaster",129,95,173
2304,"Bead Blaster",76,60,97
2305,"Bead Blaster",144,104,198
2306,"Bead Blaster",135,95,188
2307,"Bead Blaster",116,86,160
2308,"Bead Blaster",123,88,172
2309,"Bead Blaster",163,112,242
2310,"Bead Blaster",163,118,226
2311,"Bead Blaster",135,97,188
2312,"Bead Blaster",120,89,162
2313,"Bead Blaster",123,87,172
2314,"Bead Blaster",110,79,155
2315,"Bead Blaster",65,53,79
2316,"Bead Blaster",121,85,168
2317,"Bead Blaster",137,99,186
2318,"Bead Blaster",141,104,187
2319,"Bead Blaster",131,96,175
2320,"Bead Blaster",140,100,190
2321,"Bead Blaster",155,111,209
2322,"Bead Blaster",137,101,180
2323,"Bead Blaster",102,78,138
2324,"Bead Blaster",168,119,231
2325,"Bead Blaster",127,89,178
2326,"Bead Blaster",131,99,172
2327,"Bead Blaster",130,87,189
2328,"Bead Blaster",141,103,190
2329,"Bead Blaster",141,102,190
2330,"Bead Blaster",103,76,143
2331,"Bead Blaster",134,96,182
2332,"Bead Blaster",150,110,206
2333,"Bead Blaster",129,94,175
2334,"Bead Blaster",135,93,188
2335,"Bead Blaster",138,100,190
2336,"Bead Blaster",170,124,228
2337,"Bead Blaster",129,95,174
2338,"Bead Blaster",160,117,222
2339,"Bead Blaster",162,120,218
2340,"Bead Blaster",129,94,179
2341,"Bead Blaster",85,70,107
2342,"Bead Blaster",145,105,199
2343,"Bead Blaster",146,109,192
2344,"Bead Blaster",126,89,179
2345,"Bead Blaster",110,74,164
2346,"Bead Blaster",120,89,158
2347,"Bead Blaster",149,108,200
2348,"Bead Blaster",123,89,170
2349,"Bead Blaster",136,99,181
2350,"Bead Blaster",127,94,171
2351,"Bead Blaster",115,91,151
2352,"Bead Blaster",185,133,258
2353,"Bead Blaster",103,79,138
2354,"Bead Blaster",141,103,189
2355,"Bead Blaster",110,77,164
2356,"Bead Blaster",117,87,156
2357,"Bead Blaster",143,106,193
2358,"Bead Blaster",118,89,158
2359,"Bead Blaster",121,88,166
2360,"Bead Blaster",126,86,174
2361,"Bead Blaster",142,104,187
2362,"Bead Blaster",101,75,142
2363,"Bead Blaster",113,82,155
2364,"Bead Blaster",155,109,222
2365,"Bead Blaster",138,96,194
2366,"Bead Blaster",151,111,208
2367,"Bead Blaster",116,87,156
2368,"Bead Blaster",167,120,230
2369,"Bead Blaster",149,109,199
2370,"Bead Blaster",130,95,177
2371,"Bead Blaster",200,141,283
2372,"Bead Blaster",153,110,209
2373,"Bead Blaster",148,108,200
2374,"Bead Blaster",132,96,179
2375,"Bead Blaster",122,87,171
2376,"Bead Blaster",134,99,180
2377,"Bead Blaster",161,119,216
2378,"Bead Blaster",141,103,191
2379,"Bead Blaster",175,130,236
2380,"Bead Blaster",142,103,190
2381,"Bead Blaster",162,117,222
2382,"Bead Blaster",145,105,195
2383,"Bead Blaster",152,110,204
2384,"Bead Blaster",152,110,204
2385,"Bead Blaster",143,103,191
2386,"Bead Blaster",127,89,181
2387,"Bead Blaster",117,84,163
2388,"Bead Blaster",135,94,194
2389,"Bead Blaster",141,105,189
2390,"Bead Blaster",144,101,205
2391,"Bead Blaster",131,96,177
2392,"Bead Blaster",128,95,170
2393,"Bead Blaster",151,108,206
2394,"Bead Blaster",116,86,156
2395,"Bead Blaster",117,83,162
2396,"Bead Blaster",136,95,191
2397,"Bead Blaster",127,89,177
2398,"Bead Blaster",101,72,144
2399,"Bead Blaster",114,79,165
2400,"Bead Blaster",111,79,157
2401,"Bead Blaster",127,91,172
2402,"Bead Blaster",114,80,164
2403,"Bead Blaster",145,104,198
2404,"Bead Blaster",107,78,153
2405,"Bead Blaster",134,97,184
2406,"Bead Blaster",159,110,226
2407,"Bead Blaster",105,73,150
2408,"Bead Blaster",151,110,203
2409,"Bead Blaster",123,90,167
2410,"Bead Blaster",160,114,216
2411,"Bead Blaster",152,110,207
2412,"Bead Blaster",150,108,208
2413,"Bead Blaster",164,116,227
2414,"Bead Blaster",139,103,183
2415,"Bead Blaster",120,87,167
2416,"Bead Blaster",172,122,247
2417,"Bead Blaster",135,102,173
2418,"Bead Blaster",140,104,187
2419,"Bead Blaster",145,106,197
2420,"Bead Blaster",170,125,228
2421,"Bead Blaster",136,99,189
2422,"Bead Blaster",138,102,189
2423,"Bead Blaster",148,108,200
2424,"Bead Blaster",136,99,189
2425,"Bead Blaster",134,98,185
2426,"Bead Blaster",137,96,192
2427,"Bead Blaster",141,102,195
2428,"Bead Blaster",131,97,175
2429,"Bead Blaster",148,108,199
2430,"Bead Blaster",150,108,205
2431,"Bead Blaster",133,95,184
2432,"Bead Blaster",173,124,237
2433,"Bead Blaster",126,90,175
2434,"Bead Blaster",126,88,178
2435,"Bead Blaster",134,98,184
2436,"Bead Blaster",139,100,190
2437,"Bead Blaster",90,72,120
2438,"Bead Blaster",139,102,190
2439,"Bead Blaster",133,95,184
2440,"Bead Blaster",132,97,182
2441,"Bead Blaster",139,100,194
2442,"Bead Blaster",148,107,204
2443,"Bead Blaster",147,109,198
2444,"Bead Blaster",123,81,181
2445,"Bead Blaster",101,78,139
2446,"Bead Blaster",106,78,149
2447,"Bead Blaster",133,98,179
2448,"Bead Blaster",106,78,149
2449,"Bead Blaster",109,76,156
2450,"Bead Blaster",114,81,161
2451,"Bead Blaster",132,95,184
2452,"Bead Blaster",144,107,193
2453,"Bead Blaster",121,85,171
2454,"Bead Blaster",150,110,204
2455,"Bead Blaster",125,90,173
2456,"Bead Blaster",70,56,99
2457,"Bead Blaster",147,105,219
2458,"Bead Blaster",139,101,186
2459,"Bead Blaster",124,89,171
2460,"Bead Blaster",163,118,222
2461,"Bead Blaster",111,84,151
2462,"Bead Blaster",142,105,190
2463,"Bead Blaster",132,97,178
2464,"Bead Blaster",161,117,224
2465,"Bead Blaster",117,87,160
2466,"Bead Blaster",158,113,219
2467,"Bead Blaster",146,104,201
2468,"Bead Blaster",150,109,210
2469,"Bead Blaster",119,85,165
2470,"Bead Blaster",91,66,132
2471,"Bead Blaster",129,96,173
2472,"Bead Blaster",167,119,251
2473,"Bead Blaster",132,99,180
2474,"Bead Blaster",147,107,205
2475,"Bead Blaster",136,100,185
2476,"Bead Blaster",145,106,202
2477,"Bead Blaster",133,98,178
2478,"Bead Blaster",102,77,142
2479,"Bead Blaster",130,92,182
2480,"Bead Blaster",125,82,185
2481,"Bead Blaster",120,85,170
2482,"Bead Blaster",116,79,169
2483,"Bead Blaster",131,91,183
2484,"Bead Blaster",95,70,133
2485,"Bead Blaster",134,99,184
2486,"Bead Blaster",135,99,183
2487,"Bead Blaster",130,93,179
2488,"Bead Blaster",164,119,228
2489,"Bead Blaster",148,108,201
2490,"Bead Blaster",133,98,183
2491,"Bead Blaster",143,104,192
2492,"Bead Blaster",135,101,179
2493,"Bead Blaster",159,116,214
2494,"Bead Blaster",148,107,202
2495,"Bead Blaster",155,111,212
2496,"Bead Blaster",156,107,223
2497,"Bead Blaster",182,127,259
2498,"Bead Blaster",171,121,239
2499,"Bead Blaster",110,80,150
2500,"Bead Blaster",128,94,175
2501,"Bead Blaster",153,111,205
2502,"Bead Blaster",127,94,168
2503,"Bead Blaster",151,110,203
2504,"Bead Blaster",152,109,210
2505,"Bead Blaster",127,94,172
2506,"Bead Blaster",131,97,175
2507,"Bead Blaster",152,110,209
2508,"Bead Blaster",130,97,172
2509,"Bead Blaster",142,102,189
2510,"Bead Blaster",146,107,195
2511,"Bead Blaster",172,125,237
2512,"Bead Blaster",184,132,259
2513,"Bead Blaster",188,131,271
2514,"Bead Blaster",170,124,231
2515,"Bead Blaster",137,99,191
2516,"Bead Blaster",127,94,170
2517,"Bead Blaster",124,90,172
2518,"Bead Blaster",122,88,169
2519,"Bead Blaster",132,96,179
2520,"Bead Blaster",147,107,199
2521,"Bead Blaster",101,76,138
2522,"Bead Blaster",130,95,177
2523,"Bead Blaster",126,91,173
2524,"Bead Blaster",135,99,182
2525,"Bead Blaster",132,97,180
2526,"Bead Blaster",148,109,199
2527,"Bead Blaster",158,115,212
2528,"Bead Blaster",156,112,212
2529,"Bead Blaster",148,107,201
2530,"Bead Blaster",144,107,193
2531,"Bead Blaster",120,89,158
2532,"Bead Blaster",121,89,162
2533,"Bead Blaster",140,100,195
2534,"Bead Blaster",130,93,179
2535,"Bead Blaster",97,70,132
2536,"Bead Blaster",115,86,158
2537,"Bead Blaster",109,80,147
2538,"Bead Blaster",114,76,167
2539,"Bead Blaster",121,85,171
2540,"Bead Blaster",134,101,176
2541,"Bead Blaster",121,89,166
2542,"Bead Blaster",123,84,175
2543,"Bead Blaster",120,85,167
2544,"Bead Blaster",103,73,146
2545,"Bead Blaster",97,72,131
2546,"Bead Blaster",133,99,176
2547,"Bead Blaster",114,80,161
2548,"Bead Blaster",115,81,161
2549,"Bead Blaster",142,104,187
2550,"Bead Blaster",132,96,179
2551,"Bead Blaster",119,83,166
2552,"Bead Blaster",111,82,149
2553,"Bead Blaster",107,78,147
2554,"Bead Blaster",107,77,149
2555,"Bead Blaster",127,94,172
2556,"Bead Blaster",152,110,209
2557,"Bead Blaster",130,95,177
2558,"Bead Blaster",108,78,148
2559,"Bead Blaster",115,87,151
2560,"Bead Blaster",135,102,173
2561,"Bead Blaster",107,80,141
2562,"Bead Blaster",152,109,208
2563,"Bead Blaster",89,70,112
2564,"Bead Blaster",103,77,144
2565,"Bead Blaster",111,84,150
2566,"Bead Blaster",138,103,183
2567,"Bead Blaster",134,96,182
2568,"Bead Blaster",148,106,206
2569,"Bead Blaster",113,81,158
2570,"Bead Blaster",102,78,138
2571,"Bead Blaster",107,78,150
2572,"Bead Blaster",131,95,180
2573,"Bead Blaster",121,85,171
2574,"Bead Blaster",130,89,181
2575,"Bead Blaster",71,58,101
2576,"Bead Blaster",132,99,180
2577,"Bead Blaster",91,72,125
2578,"Bead Blaster",125,90,170
2579,"Bead Blaster",117,83,163
2580,"Bead Blaster",89,69,124
2581,"Bead Blaster",151,109,202
2582,"Bead Blaster",147,107,205
2583,"Bead Blaster",119,84,166
2584,"Bead Blaster",133,94,190
2585,"Bead Blaster",113,82,153
2586,"Bead Blaster",90,70,122
2587,"Bead Blaster",125,89,174
2588,"Bead Blaster",110,76,158
